계절,축제이름,주소,이미지
봄,네이처파크 플라워 페스티벌 ,대구광역시 달성군 가창면 가창로 891,https://support.visitkorea.or.kr/img/call?cmd=VIEW&id=7ad13924-9943-47cd-bb12-7f69ae202dfd
봄,태안 알리움 공원,충청남도 태안군 안면읍 꽃지해안로 400,https://support.visitkorea.or.kr/img/call?cmd=VIEW&id=d0597bab-3f03-4024-85df-7dfb870bfbc8
봄,아침고요수목원 봄나들이 봄꽃축제,경기도 가평군 상면 수목원로 432,https://support.visitkorea.or.kr/img/call?cmd=VIEW&id=70787b66-de01-440b-815d-0e1b300a10a1
봄,태안 수선화 정원,충청남도 태안군 남면 마검포길 200,https://support.visitkorea.or.kr/img/call?cmd=VIEW&id=f5345446-2680-4446-bf28-45e7c3649ab8
봄,태안 세계튤립공원,충청남도 태안군 안면읍 꽃지해안로 400,https://support.visitkorea.or.kr/img/call?cmd=VIEW&id=7d6367b1-727b-4b51-9886-275c951171b0
여름,옐로우리버비치 시즌5,경상남도 합천군 대양면 동부로 39-13,https://support.visitkorea.or.kr/img/call?cmd=VIEW&id=9aaa7442-9f04-4c45-91bd-3bb8a8961c9e
여름,[문화관광축제]봉화은어축제,경상북도 봉화군 봉화읍,https://support.visitkorea.or.kr/img/call?cmd=VIEW&id=e3c76f72-1c75-4d43-906f-3df41e4888a1
여름,부산바다축제,부산광역시 수영구 광안해변로 219,https://support.visitkorea.or.kr/img/call?cmd=VIEW&id=9f44c182-84b1-4ba2-aa1a-a977c86a283a
여름,울산 워터버블페스티벌,울산광역시 중구 성남동 337 태화강 체육공원,https://support.visitkorea.or.kr/img/call?cmd=VIEW&id=9a63a71b-7a68-439b-b567-7283706cd79a
여름,한강몽땅 여름축제,서울특별시 여의도한강공원,https://support.visitkorea.or.kr/img/call?cmd=VIEW&id=ca8235c7-3d1b-42fc-9890-95295be510d3
여름,전국해양스포츠제전,경기도 시흥시 거북섬로,https://support.visitkorea.or.kr/img/call?cmd=VIEW&id=7a18436f-d27f-4479-b589-21653152e7bd
여름,대전워터페스티벌 DMF:W ,대전광역시 유성구,https://support.visitkorea.or.kr/img/call?cmd=VIEW&id=2634ca50-1d50-4524-baaf-ab883e86af2a
여름,펫터파크,서울특별시 광진구 광나루로 441,https://support.visitkorea.or.kr/img/call?cmd=VIEW&id=364e06d0-1e2f-477f-b025-7510b75268b8
여름,양평 메기수염축제,경기도 양평군 단월면 곱다니길 55-2,https://support.visitkorea.or.kr/img/call?cmd=VIEW&id=1f88b16a-60e1-42f0-b971-10892c42eada
가을,한림공원 국화축제,제주특별자치도 제주시 한림읍 한림로 300,https://support.visitkorea.or.kr/img/call?cmd=VIEW&id=ea7da6f6-f0c7-43f1-9755-06907ae18e56
가을,네이터파크 낭만동물원,대구광역시 달성군 가창면 가창로 891,https://support.visitkorea.or.kr/img/call?cmd=VIEW&id=56d48849-9573-4e51-9ed5-4dac45af5ee4
가을,우포늪 생명길 걷기대회,경상남도 창녕군 유어면 우포늪길 220,https://support.visitkorea.or.kr/img/call?cmd=VIEW&id=b3838b9b-3dd5-4d40-b523-c226690d17f5
가을,강진청자축제,전라남도 강진군 대구면 청자촌길 33,https://support.visitkorea.or.kr/img/call?cmd=VIEW&id=727f2103-eb29-4f9d-be74-f43729ee7c5b
가을,고창모양성제,전라북도 고창군 고창읍 모양성로 1,https://support.visitkorea.or.kr/img/call?cmd=VIEW&id=879b962f-e310-41d8-a27e-a7810405a3be
가을,장성 황룡강 노란꽃잔치,전라남도 장성군 장성읍 기산리 461-1,https://support.visitkorea.or.kr/img/call?cmd=VIEW&id=1c301ac7-c180-470a-a625-5b60b0f84337
가을,천안흥타령춤축제,충청남도 천안시 동남구 삼룡동 306-1,https://support.visitkorea.or.kr/img/call?cmd=VIEW&id=66d61bdd-7118-4cbd-b056-48d5efe1da8e
가을,명량대첩축제,전라남도 해남군 문내면 관광레저로 12-36,https://support.visitkorea.or.kr/img/call?cmd=VIEW&id=2f484199-e905-4fe3-b496-0c4c2388cd44
가을,[명예대표축제]김제 지평선축제,전라북도 김제시 부량면,https://support.visitkorea.or.kr/img/call?cmd=VIEW&id=d9dc149d-6aaf-4bbb-90aa-2669ba8fbfac
가을,평창 백일홍축제,강원도 평창군 평창읍 제방길 81,https://support.visitkorea.or.kr/img/call?cmd=VIEW&id=b253e6b2-8e58-49f8-8a40-c031920ead4b
겨울,빈 소년 합창단 신년음악회,서울특별시 송파구 올림픽로 300,https://support.visitkorea.or.kr/img/call?cmd=VIEW&id=643daf3c-7788-4adf-ac1c-cf2d950f766d
겨울,파로호 겨울축제,강원도 화천군 간동면 모현동로 114,https://support.visitkorea.or.kr/img/call?cmd=VIEW&id=26653a83-9f82-4738-9d7e-8d1ef8d0fdf9
겨울,안성팜랜드 봄!봄!봄! 냉이축제,경기도 안성시 공도읍 대신두길 28,https://support.visitkorea.or.kr/img/call?cmd=VIEW&id=710563d6-6558-4d4e-977f-4a53afaba32f
겨울,해운대 북극곰 축제,부산광역시 해운대구 달맞이길 62번길 47,https://support.visitkorea.or.kr/img/call?cmd=VIEW&id=0c3aa605-cfd3-488e-b5cc-ef3011f8c896
겨울,산수유마을 양평 빙어축제,경기도 양평군 개군면 아랫상공길 22-8 향리낚시터,https://support.visitkorea.or.kr/img/call?cmd=VIEW&id=8c58cbb1-f0eb-4728-b059-871c6d10e2d3
겨울,겨울공주 군밤축제,충청남도 공주시 고마나루길 90,https://support.visitkorea.or.kr/img/call?cmd=VIEW&id=bd966815-5b04-4465-b0f0-280e9ed9abc6&mode=custom&height=518
겨울,지리산남원 바래봉 눈꽃축제,전라북도 남원시 운봉읍 바래봉길 214,https://support.visitkorea.or.kr/img/call?cmd=VIEW&id=0ab2d837-a6e6-4cba-81f1-6a415d73be10
겨울 ,홍천강 꽁꽁축제,강원도 홍천군 홍천읍 너브내길 59-1,https://support.visitkorea.or.kr/img/call?cmd=VIEW&id=434086b2-3c03-476e-9bd8-399bb65f7c82
겨울,태백산눈축제,강원도 태백시 천제단길 162,https://support.visitkorea.or.kr/img/call?cmd=VIEW&id=92e57603-2d27-40b6-b171-bbe865733341
겨울,대관령 눈꽃축제,강원도 평창군 대관령면 대관령로 119,https://support.visitkorea.or.kr/img/call?cmd=VIEW&id=6b16e013-1e6b-401c-8734-04bf5c3b9d93
겨울,한림공원 수선화축제,제주특별자치도 제주지 한림읍 한림로 300,https://support.visitkorea.or.kr/img/call?cmd=VIEW&id=0f9b9949-e235-479a-8909-ae626636a9a8
겨울,홍성 남당항 새조개축제,충청남도 홍성군 서부면 남당항로 213,https://support.visitkorea.or.kr/img/call?cmd=VIEW&id=14b08bdd-a9d7-40ea-a3a6-4fcfb23de039
겨울,인제빙어축제,강원도 인제군 남면 부평리 555-2번지,https://support.visitkorea.or.kr/img/call?cmd=VIEW&id=b2bf3a7c-1039-42c7-a84b-57852c10a52e
겨울,한국민속촌 새해야 이리오너라,경기도 용인시 기흥구 민속촌로 90,https://support.visitkorea.or.kr/img/call?cmd=VIEW&id=316a9290-4c0f-4175-b40b-45772a1e74f5
겨울,허브아일랜드 불빛동화축제,경기도 포천시 신북면 청신로 947번길 35,https://support.visitkorea.or.kr/img/call?cmd=VIEW&id=1ed962f0-8dc7-4134-961d-c8764ad75d19
겨울,태안 빛축제,충청남도 태안군 남면 마검포길 200,https://support.visitkorea.or.kr/img/call?cmd=VIEW&id=a5e2de9c-35cf-489f-a942-34cd309c1b69
겨울,부천 아인스월드 빛축제-세계 야경 판타지 빛축제,경기도 부천시 원미구 다약로 1,https://support.visitkorea.or.kr/img/call?cmd=VIEW&id=4c297ae1-41fb-408b-8748-4f6484295673
겨울,보신각타종행사,서울특별시 종로구 종로 54,https://support.visitkorea.or.kr/img/call?cmd=VIEW&id=3c0c2329-cd5e-4423-a9d4-0824dc7c9e9b
봄,삼척 맹방유채꽃축제,강원도 삼척시 근덕면 삼척로 3992-8,https://support.visitkorea.or.kr/img/call?cmd=VIEW&id=9b237140-5b7a-4741-9186-5ec4a8c97063
봄,한려수도 굴축제,경상남도 통영시 통영해안로 328,https://support.visitkorea.or.kr/img/call?cmd=VIEW&id=f6abb5b5-82f1-4218-a69a-e35ea8995b80
봄,섬진강변 벚꽃축제,전라남도 구례군 문척면 죽마리,https://support.visitkorea.or.kr/img/call?cmd=VIEW&id=f8bd16ef-a7cd-404d-8a7e-84a288a395ab
봄,부여문화재야행,충청남도 부여군 부여읍 정림로 83,https://support.visitkorea.or.kr/img/call?cmd=VIEW&id=e12cf37f-3830-4b33-93da-5b76b2879640
봄,서천 아리랜드 동백꽃 수선화축제,충청남도 서천군 마서면 합전길 68번길 21,https://support.visitkorea.or.kr/img/call?cmd=VIEW&id=a9cdce63-9aa9-4d90-87f2-094ae7231f98
봄,영산강 유채꽃 대향연,전라남도 나주시 삼영동 117-6,https://support.visitkorea.or.kr/img/call?cmd=VIEW&id=b6dcbae4-1242-48c1-a633-01bbe3cd86db
봄,금천 하모니 벚꽃축제,서울특별시 금천구 시흥대로 73길 70,https://support.visitkorea.or.kr/img/call?cmd=VIEW&id=cba57c66-b1e4-4e9e-a3dd-516a8759d3a4
봄,용인에버 벚꽃축제,경기도 용인시 포곡읍 에버랜드로 562번길 38,https://support.visitkorea.or.kr/img/call?cmd=VIEW&id=f1bebee0-6e84-424b-bf0c-7c948fcfdada
봄,장흥 하늘빛수목원 튤립축제,전라남도 장흥군 용상면 장흥대로 2746,https://support.visitkorea.or.kr/img/call?cmd=VIEW&id=9f84f8ab-79c1-4853-9eb3-1b324d370209
봄,임천 충혼제,충청남도 부여군 장암면 지토리 산 156,https://support.visitkorea.or.kr/img/call?cmd=VIEW&id=6c211dd3-d867-4f5a-b3dd-7f022908febb
봄,렛츠런파크 서울 야간벚꽃축제,경기도 과천시 경마공원대로 107,https://support.visitkorea.or.kr/img/call?cmd=VIEW&id=6f21c9cf-ccde-4368-83fe-ce8243786fea
봄,면천 진달래민속축제,충청남도 당진시 면천면 면천서문1길 69,https://support.visitkorea.or.kr/img/call?cmd=VIEW&id=d4a7fb35-1688-4352-a853-49890562e4dc
봄,서울대공원 벚꽃축제,경기도 과천시 대공원광장로 102,https://support.visitkorea.or.kr/img/call?cmd=VIEW&id=80267ed1-c0a6-485a-9504-226b8904955a
봄,가평 에덴벚꽃길 벚꽃축제,경기도 가평군 청평면 에덴 벚꽃길 189,https://support.visitkorea.or.kr/img/call?cmd=VIEW&id=db83a53e-79e1-484c-b819-3746665309d3
봄,강릉 해살이마을 개두릅축제,강원도 강릉시 사천면 중앙서로 516,https://support.visitkorea.or.kr/img/call?cmd=VIEW&id=8b4b2338-c13c-486b-a4fa-d87bccc7151d
봄,비슬산 참꽃문화제,대구광역시 달성군 유가면 휴양림길 230,https://support.visitkorea.or.kr/img/call?cmd=VIEW&id=2c96035b-f72a-4777-b40a-b80fa57d5c31
봄,안성 호밀밭축제,경기도 안성시 공도읍 대신두길 28,https://support.visitkorea.or.kr/img/call?cmd=VIEW&id=84efa4e6-c31d-419c-967c-86f50324dd72
봄,태안 몽산포항 주꾸미&수산물 축제,충청남도 태안군 남면 몽대로 495-38,https://support.visitkorea.or.kr/img/call?cmd=VIEW&id=278b96f4-a5b6-4480-8950-665d2c566a7e
봄,대운산 철쭉축제,울산광역시 울주군 온양읍 운화리,https://support.visitkorea.or.kr/img/call?cmd=VIEW&id=278d7d79-d17d-48af-8927-ef210b3030db
봄,남원 바래봉 철쭉제,전라북도 남원시 운봉읍 바래봉길 214,https://support.visitkorea.or.kr/img/call?cmd=VIEW&id=e00af545-bdb3-4808-8984-20311e131d65
봄,광주 왕실도자기축제,경기도 광주시 곤지암읍 경충대로 727,https://support.visitkorea.or.kr/img/call?cmd=VIEW&id=ab93e9e0-e6fd-4904-8f3b-14e54ad64d17
봄,강원 산나물한마당축제,강원도 춘천시 평화로 1,https://support.visitkorea.or.kr/img/call?cmd=VIEW&id=637e3f88-e908-4c40-a6d3-f1b603724a6d
봄,강진 영랑문학제,전라남도 강진군 강진읍 영랑생가길 15,https://support.visitkorea.or.kr/img/call?cmd=VIEW&id=fd8560a3-0a7b-4384-9616-5e2668358830
봄,비음산 산성 철쭉제,경상남도 창원시 성산구 창이대로 681,https://support.visitkorea.or.kr/img/call?cmd=VIEW&id=ea917467-53b0-4b0e-a10e-1f4d4515f3f4
봄,대구 달성토성마을 골목축제,대구광역시 서구 국채보상로 81길 43,https://support.visitkorea.or.kr/img/call?cmd=VIEW&id=b8f07799-90f4-455c-abbb-b95a4d08d4eb
봄,장고항 실치축제,충청남도 당진시 석문면 장고항로 324,https://support.visitkorea.or.kr/img/call?cmd=VIEW&id=078eaeee-1116-4ce0-996c-cf9c56f002dc
봄,대덕제 앞산빨래터 축제,대구광역시 남구 대명동 1501-2,https://support.visitkorea.or.kr/img/call?cmd=VIEW&id=6ff97831-4f35-4090-8ec1-53d38da55cd6
봄,쁘띠프랑스 유럽 동화나라 축제,경기도 가평군 청평면 호반로 1063,https://support.visitkorea.or.kr/img/call?cmd=VIEW&id=d32615c8-dda0-4c21-bbe4-f3395b4dd6ec
봄,의성 세계연축제,경상북도 의성군 안계면 용기리 620-5,https://support.visitkorea.or.kr/img/call?cmd=VIEW&id=429d862e-b523-4a3d-9f17-d8cba6f21c5b
봄,서울 동화 축제,서울특별시 광진구 능동로 216,https://support.visitkorea.or.kr/img/call?cmd=VIEW&id=2bf8f413-fab6-438c-833e-a0d042d495f8
봄,제주 방선문축제,제주특별자치도 제주시 오라이동 39-1,https://support.visitkorea.or.kr/img/call?cmd=VIEW&id=ed339939-a0ef-4e3f-b425-eef7915ac3b1
봄,정선군 곤드레 산나물축제,강원도 정성군 정선읍 정선로 1359,https://support.visitkorea.or.kr/img/call?cmd=VIEW&id=4416e7b7-3a25-4f20-b7a9-bfd775c76b83
봄,평창 곤드레축제,강원도 평창군 평창읍 대골길 5번지,https://support.visitkorea.or.kr/img/call?cmd=VIEW&id=e23f6b11-5dab-4db3-9bf9-e8ca58939cc2
봄,통영 어린이날 바다축제,경상남도 통영시 도남동,https://support.visitkorea.or.kr/img/call?cmd=VIEW&id=0aece388-9fef-494c-be6d-2d38484ac9c1
봄,거제 어린이 축제,경상남도 거제시 계룡로 11길 26,https://support.visitkorea.or.kr/img/call?cmd=VIEW&id=c32dc3ca-fc8b-45fd-b546-3ab98ece6522
봄,장흥 제암산 철쭉제,전라남도 장흥군 장흥읍 제암산길 413,https://support.visitkorea.or.kr/img/call?cmd=VIEW&id=bbef8903-64ef-4932-8280-784fa84f21cc
봄,대구 동성로축제,대구광역시 중구 동성로 ,https://support.visitkorea.or.kr/img/call?cmd=VIEW&id=2ff2f5f7-109f-4f72-810a-4ecee9075732
봄,양산 웅상 회야제,경상남도 양산시 배움터길 60-19,https://support.visitkorea.or.kr/img/call?cmd=VIEW&id=081c6444-0b5f-4f2c-900a-4a22faab47e2
봄,물왕예술제,경기도 시흥시 소래산길 11,https://support.visitkorea.or.kr/img/call?cmd=VIEW&id=733d18a2-f7df-4a50-88c3-1cb11a2c27e9
봄,낙동강 구포나루축제,부산광역시 북구 낙동대로 1739번길 257,https://support.visitkorea.or.kr/img/call?cmd=VIEW&id=8ab4cc88-62cf-4b89-ac82-20ad2b116099
봄,삼척 하장 두타산 산나물축제,강원도 삼척시 하장면 번천리,https://support.visitkorea.or.kr/img/call?cmd=VIEW&id=3662eb45-a48e-4f7a-a5b6-24187b35a398
봄,인제 진동계곡 산나물축제,강원도 인제군 기린면 조침령로 1061,https://support.visitkorea.or.kr/img/call?cmd=VIEW&id=db30f31f-355f-442c-9857-1e7a53086f38
봄,팜카밀레 허브축제,충청남도 태안군 남면 우운길 56-19,https://support.visitkorea.or.kr/img/call?cmd=VIEW&id=afc5c164-d9ea-4c30-926f-6efa57ed5e15
봄,부산 금정산성축제,부산광역시 금정구 장천온천천로 48,https://support.visitkorea.or.kr/img/call?cmd=VIEW&id=116e9765-baf3-4edf-a1b0-4f8a7832bc53
봄,생거진천 농다리축제,충청북도 진천군 문백면 농다리로 1032-11,https://support.visitkorea.or.kr/img/call?cmd=VIEW&id=f6002c2a-5b71-4e0a-908a-40a7cbfb599d
봄,창덕궁 달빛기행,서울특별시 종로구 율곡로 99,https://support.visitkorea.or.kr/img/call?cmd=VIEW&id=9783c308-fc78-4352-a393-a28c1c75a178
여름,전통 연희 페스티벌,서울특별시 마포구 증산로 87,https://support.visitkorea.or.kr/img/call?cmd=VIEW&id=99068a9f-85e7-4fa1-bd2d-f19b83000858
여름,장항항 수산물 꼴갑축제,충청남도 서천군 장항읍 장산로 312,https://support.visitkorea.or.kr/img/call?cmd=VIEW&id=f9e3b56e-3503-436c-be6b-a2e4b6f6ac24
여름,한국민속촌 양기철철 단오,경기도 용인시 기흥구 민속촌로 90,https://support.visitkorea.or.kr/img/call?cmd=VIEW&id=a1b68982-ddf3-4645-8df8-2a9118a0734e
여름,인제 용대리 황태축제,강원도 인제군 북면 용대3리 삼거리,https://support.visitkorea.or.kr/img/call?cmd=VIEW&id=dc39424f-603e-4437-9ab0-4c7792bf7235
여름,전주 단오,전라북도 전주시 덕진구 권삼득로 390,https://support.visitkorea.or.kr/img/call?cmd=VIEW&id=9446acf5-45f3-43d5-856a-76149f5e017a
여름,영천 보현산 별빛축제,경상북도 영천시 화북면 별빛로 681-32,https://support.visitkorea.or.kr/img/call?cmd=VIEW&id=7eb571f1-9899-421c-acaa-062c2f9262be
여름,상설공연 평택거북놀이,경기도 평택시 현덕면 평택호길 147,https://support.visitkorea.or.kr/img/call?cmd=VIEW&id=669842b7-50fa-4adb-8841-1d5b141ee6a6
여름,춘천 막국수닭갈비축제,강원 춘천시 삼천동 200-9,https://support.visitkorea.or.kr/img/call?cmd=VIEW&id=64377460-2c32-4ae4-b198-826db2e68c4c
여름,김천 자두포도축제,경상북도 김천시 대항면 운수리 31-1,https://support.visitkorea.or.kr/img/call?cmd=VIEW&id=0ba918ab-d34c-43ec-a0d9-6213246c1485
여름,사천시 삼천포항 자연산 전어축제,경상남도 사천시 팔포1길 65,https://support.visitkorea.or.kr/img/call?cmd=VIEW&id=180afe3c-1c6d-4d0d-9ac4-7a37a453e211
여름,홍천강 별빛음악 맥주축제,강원도 홍천군 홍천읍 산림공원1길 17,https://support.visitkorea.or.kr/img/call?cmd=VIEW&id=121891c1-2dd2-4d68-8eb5-007d13622734
여름,향수 옥천 포도 복숭아축제,충청북도 옥천군 옥천읍 관성로 53,https://support.visitkorea.or.kr/img/call?cmd=VIEW&id=4df4fb15-8d20-49db-bc6c-9076af5f052e
여름,양평물축제,경기도 양평군 옥천면 옥천체육공원길 66,https://support.visitkorea.or.kr/img/call?cmd=VIEW&id=6d3d5b19-0d30-4be9-b0fc-b485df19d10b
여름,세계 조롱박 축제,충청남도 청양군 정산면 천장호길 223-35,https://support.visitkorea.or.kr/img/call?cmd=VIEW&id=f9c45f37-4017-42d7-b037-643df82b5706
여름,홍천 찰옥수수축제,강원도 홍천군 홍천읍 갈마곡리 496-2,https://support.visitkorea.or.kr/img/call?cmd=VIEW&id=bbddf8a6-ecca-417b-9066-96297d75cf8f
여름,가족사랑 아이스축제,대구광역시 서구 문화로 122,https://support.visitkorea.or.kr/img/call?cmd=VIEW&id=a2471d9e-10a4-4f43-a630-46f4e99fc9bb
여름,부산 국제록페스티벌,부산광역시 사상구 낙동대로 1231,https://support.visitkorea.or.kr/img/call?cmd=VIEW&id=14a452e1-f001-4aa3-a637-789e2449232d
여름,강릉 문화재야행,강원도 강릉시 임영로 131번길 6,https://support.visitkorea.or.kr/img/call?cmd=VIEW&id=9f11959c-505d-4f94-a5be-0b9169a78368
여름,세종 조치원복숭아 축제,세종특별자치시 조치원읍 문예회관길 22,https://support.visitkorea.or.kr/img/call?cmd=VIEW&id=5569dea8-266c-46a0-8f7b-7fc148a76885
여름,봉화은어축제,경상북도 봉화군 봉화읍,https://support.visitkorea.or.kr/img/call?cmd=VIEW&id=e3c76f72-1c75-4d43-906f-3df41e4888a1
여름,울산조선해양축제,울산광역시 동구 해수욕장10길,https://support.visitkorea.or.kr/img/call?cmd=VIEW&id=9e9ec21a-a324-4dc3-af95-94506aaccb85
여름,의정부 음악극축제,경기도 의정부시 의정로1,https://support.visitkorea.or.kr/img/call?cmd=VIEW&id=44ac1b4f-af7a-43af-b1af-fb3a289e9276
여름,보령머드축제,충청남도 보령시 머드로 123,https://support.visitkorea.or.kr/img/call?cmd=VIEW&id=6c411086-6111-437c-9321-38cd6918eea8
여름,부여서동연꽃축제,충청남도 부여군 부여읍 궁남로 52,https://support.visitkorea.or.kr/img/call?cmd=VIEW&id=e3cbf3ec-7621-4440-a919-1a589accf4e2
여름,철원 화강 다슬기축제 ,강원도 철원군 김화읍 청양로 649,https://support.visitkorea.or.kr/img/call?cmd=VIEW&id=0010b4f2-ad99-4bb8-90ec-157109e04ab2
여름,화천토마토축제,강원도 화천군 사내면 문화마을1길 6,https://support.visitkorea.or.kr/img/call?cmd=VIEW&id=8863b78e-ff9b-4b41-a58d-7d5489ec9e0a
여름,부산바다축제,부산광역시 수영구 광안해변로 219,https://support.visitkorea.or.kr/img/call?cmd=VIEW&id=9f44c182-84b1-4ba2-aa1a-a977c86a283a
여름,가맥축제,전라북도 전주시 덕진구 기린대로 451,https://support.visitkorea.or.kr/img/call?cmd=VIEW&id=0da809ba-67a8-495d-9c46-c4ab6e33bb0e
여름,울산태화강대숲납량축제,울산광역시 중구 내오산로 67,https://support.visitkorea.or.kr/img/call?cmd=VIEW&id=ac886b92-24d5-4fe1-bfb1-2eeda95c5d98
여름,쇠소깍 검은모래축제,제주특별자치도 서귀포시 쇠소깍로 151-8,https://support.visitkorea.or.kr/img/call?cmd=VIEW&id=7715e016-854f-42ca-b065-99c0252208dd
여름,송도맥주축제,인천광역시 연수구 센트럴로 350,https://support.visitkorea.or.kr/img/call?cmd=VIEW&id=e250b329-9483-4885-baa4-6d43965e87d0
여름,음성 청결고추축제,충청북도 음성군 음성읍 설성로 47,https://support.visitkorea.or.kr/img/call?cmd=VIEW&id=54e398d7-a545-4902-8b5b-5853d9074510
여름,괴산고추축제,충청북도 괴산군 괴산읍 임꺽정로 90,https://support.visitkorea.or.kr/img/call?cmd=VIEW&id=6d37a761-0935-48a1-919c-f6278253c647
여름,인사전통문화축제,서울특별시 종로구 인사동 33-2,https://support.visitkorea.or.kr/img/call?cmd=VIEW&id=e26cd69b-045c-409d-84d8-818a5a7a56fd
여름,청양 고추구기자 축제,충청남도 청양군 청양읍 은천동길 16-6,https://support.visitkorea.or.kr/img/call?cmd=VIEW&id=f29723b7-28ba-46ac-9936-da8170e8f086
여름,광진교 페스티벌,서울특별시 강동구 광진교,https://support.visitkorea.or.kr/img/call?cmd=VIEW&id=0fbe586a-a4d2-455f-a610-9f6ed813c250
여름,이천도자기축제,경기도 이천시 신둔면 도자예술로 62번길 113-71,https://support.visitkorea.or.kr/img/call?cmd=VIEW&id=d78924ea-2cb5-4ad7-9d0c-2d20bf4af22e
여름,청주문화재야행,충청북도 청주시 상당구 중앙공원~성안길~옛 청주역사광장,https://support.visitkorea.or.kr/img/call?cmd=VIEW&id=f5b1c636-fa25-4bb1-ba55-5057b1ac66ac
여름,영동 포도축제,충청북도 영동군 영동읍 영동황간로 122,https://support.visitkorea.or.kr/img/call?cmd=VIEW&id=01611e12-32d9-4c29-9c02-74ea305653ca
여름,센텀맥주축제,부산광역시 해운대구 센텀서로 30,https://support.visitkorea.or.kr/img/call?cmd=VIEW&id=f26b4b85-1c5c-499a-956b-39d319ae46d6
여름,통영한산대첩축제,경상남도 통영시 통영해안로 328,https://support.visitkorea.or.kr/img/call?cmd=VIEW&id=c10f7369-1fb2-4acd-881c-79b0c1645574
여름,평창 백일홍축제,강원도 평창군 평창읍 제방길 81,https://support.visitkorea.or.kr/img/call?cmd=VIEW&id=b253e6b2-8e58-49f8-8a40-c031920ead4b
여름,평창효섭문화제,강원도 평창군 봉평면 이효석길 157,https://support.visitkorea.or.kr/img/call?cmd=VIEW&id=cd9a2a9b-3136-4921-b7fa-edaeb354a3f4
여름,천등산고구마축제,충청북도 충주시 산척면 동산로 736,https://support.visitkorea.or.kr/img/call?cmd=VIEW&id=ad1689f8-6a58-4681-a910-ec91979752d4
여름,함양 산삼축제,경상남도 함양군 함양읍 필봉산길 49,https://support.visitkorea.or.kr/img/call?cmd=VIEW&id=e1d16fb5-eb0a-4718-941a-5f4306df99c5
여름,교산허균 문화제,강원도 강릉시 난설헌로 193번길 1-16,https://support.visitkorea.or.kr/img/call?cmd=VIEW&id=a82a239a-724d-476e-a252-c9da963f0dcb
여름,선운문화제,전라북도 고창군 아산면 선운사로 250,https://support.visitkorea.or.kr/img/call?cmd=VIEW&id=e949ab93-3ec2-4ce5-9a3d-12d76d6fb586
여름,고성군민의날 및 수성문화제,강원도 고성군 간성읍 수성로 87,https://support.visitkorea.or.kr/img/call?cmd=VIEW&id=a2c04a5d-9f42-4054-9613-1e841b66af14
여름,거창한마당대축제,경상남도 거창군 거창읍 심소정길 39-36,https://support.visitkorea.or.kr/img/call?cmd=VIEW&id=f6ed0a7e-61d4-4057-bfd8-35cab16db9cc
가을,김유정문학제,강원도 춘천시 신동면 김유정로 1430-14,https://support.visitkorea.or.kr/img/call?cmd=VIEW&id=782757ed-b16d-43ad-9c11-2f36880db93f
가을,전주세계소리축제,전라북도 전주시 덕진구 소리로 31,https://support.visitkorea.or.kr/img/call?cmd=VIEW&id=812a77ac-ae22-4748-938e-1e99726dba3b
가을,추억의 충장축제,광주광역시 동구 서남로1,https://support.visitkorea.or.kr/img/call?cmd=VIEW&id=42ed8af0-e8a9-432b-8a20-4d95d1107573
가을,강릉커피축제,강원도 강릉시 수리골길 102,https://support.visitkorea.or.kr/img/call?cmd=VIEW&id=50c1ae53-4d0f-475e-9d7a-e3c6985c87d1
가을,정선아리랑제,강원도 정선군 정선읍 봉양리 112,https://support.visitkorea.or.kr/img/call?cmd=VIEW&id=2f653aab-dc07-4f23-a9b9-d508b977d527
가을,삼척동해왕 이사부 축제,강원도 삼척시 엑스포로 45,https://support.visitkorea.or.kr/img/call?cmd=VIEW&id=9c70286c-9d1d-43b3-9855-16f663b8c312
가을,노원 탈축제,서울특별시 노원구 동일로 1414,https://support.visitkorea.or.kr/img/call?cmd=VIEW&id=65c0b2be-d91a-4078-87ed-ef322517755f
가을,정읍 구절초축제,전라북도 정읍시 산내면 청정로 926-79,https://support.visitkorea.or.kr/img/call?cmd=VIEW&id=99ee9ff0-cdb6-40c1-a6cb-8284540cd7f1
가을,낙동강 디아크 별빛문화 축제,대구광역시 달성군 다사읍 감정본길 57,https://support.visitkorea.or.kr/img/call?cmd=VIEW&id=43f9398e-83e7-4200-aa17-bf2efa3d1025
가을,한강 서래섬 메밀꽃축제,서울특별시 서초구 신반포로 11길 40,https://support.visitkorea.or.kr/img/call?cmd=VIEW&id=eaaba8a7-210d-4399-8e5a-4d9f467b9522
가을,양록제,강원도 양구군 양구읍 함춘로 25-9,https://support.visitkorea.or.kr/img/call?cmd=VIEW&id=d03cc87a-a67a-4e6c-b4a9-7ed0f6b82d49
가을,강동선사문화축제,서울특별시 강동구 올림픽로 875,https://support.visitkorea.or.kr/img/call?cmd=VIEW&id=1237f0be-97b0-4d51-851c-3dd7eb5d1f69
가을,대한민국 마한문화제,전라남도 나주시 반남면 고분로 747,https://support.visitkorea.or.kr/img/call?cmd=VIEW&id=6cedf822-42d9-4269-a73c-2c5af594196f
가을,서울아리랑페스티벌,서울특별시 종로구 세종대로 지하 172,https://support.visitkorea.or.kr/img/call?cmd=VIEW&id=9e96ae38-4d99-42f3-a2a2-9628d061b2e8
가을,경북영주 풍기인삼축제,경상북도 영주시 풍기읍 봉현면 오현리,https://support.visitkorea.or.kr/img/call?cmd=VIEW&id=e1956a72-b498-4b60-82c2-15b5cf793903
가을,대한민국 국향대전,전라남도 함평군 함평읍 곤재로 27,https://support.visitkorea.or.kr/img/call?cmd=VIEW&id=9a7d9d58-97b3-4fd2-b492-6da0be445253
가을,청남대 국화축제,충청북도 청주시 상당구 문의면 청남대길 646,https://support.visitkorea.or.kr/img/call?cmd=VIEW&id=b510d863-41e5-4628-923e-3f29fd3e367f
가을,영주 국화 야생화 전시회,경상북도 영주시 영주동,https://support.visitkorea.or.kr/img/call?cmd=VIEW&id=6370c48c-1c1b-4196-8d06-7717f8f91033
가을,익산천만송이국화축제,전라북도 익산시 하나로 322,https://support.visitkorea.or.kr/img/call?cmd=VIEW&id=aeb405a4-f652-45c0-ab8a-959349e9ac24
가을,사천에어쇼,경상남도 사천시 사천읍 사천대로 1971,https://support.visitkorea.or.kr/img/call?cmd=VIEW&id=019d7cbe-c190-4b3e-89e9-a6d25546b1d1
가을,대청호반 국화전시회,대전광역시 동구 천개동로 41,https://support.visitkorea.or.kr/img/call?cmd=VIEW&id=9d79fbc5-9868-4864-8a34-618dbec04094
가을,순천만갈대제,전라남도 순천시 순천만길 513-25,https://support.visitkorea.or.kr/img/call?cmd=VIEW&id=08f44a7e-b6f7-4d15-a412-657fbdb8380e
가을,화순 국화향연,전라남도 화순군 화순읍 진각로 85,https://support.visitkorea.or.kr/img/call?cmd=VIEW&id=b895179c-0e07-44ae-bbba-49da4b11d003
가을,부산고등어축제,부산광역시 서구 송도해변로 100,https://support.visitkorea.or.kr/img/call?cmd=VIEW&id=abc332db-af95-4472-9516-2d71d29c4580
가을,마산국화축제,경상남도 창원시 마산합포구 수산1길 74,https://support.visitkorea.or.kr/img/call?cmd=VIEW&id=ec0658db-e2ac-4895-9318-0aa2180b1b02
가을,거제섬꽃축제,경상남도 거제시 거제면 거제남서로 3577,https://support.visitkorea.or.kr/img/call?cmd=VIEW&id=3bf5b775-96b9-4f60-8f35-4c46f4aa4d23
가을,가야문화축제,경상남도 김해시 가야의길 126,https://support.visitkorea.or.kr/img/call?cmd=VIEW&id=11d326da-9b00-4db1-bfee-6406bac9e5b1
가을,장수 한우랑사과랑축제,전라북도 장수군 장수읍 한누리로 393,https://support.visitkorea.or.kr/img/call?cmd=VIEW&id=68f9a3e6-56e5-489f-8aa2-605669715547
가을,광안리어방축제,부산광역시 수영구 광안해변로 219,https://support.visitkorea.or.kr/img/call?cmd=VIEW&id=191d3a69-a0c3-4b4b-8b2a-1b3dc2abac6f
가을,포항국제불빛축제,경상북도 포항시 북구 두호동 685-1,https://support.visitkorea.or.kr/img/call?cmd=VIEW&id=2a1e213a-314a-4dcc-baba-3bde5e68d05c
가을,순창장류축제,전라북도 순창군 순창읍 민속마을길 6-3,https://support.visitkorea.or.kr/img/call?cmd=VIEW&id=fe0a069f-c138-42dc-8f68-578fed16ec50
가을,여주오곡나루축제,경기도 여주시 신륵사길 13,https://support.visitkorea.or.kr/img/call?cmd=VIEW&id=e8f8ca59-a512-4f2a-9a60-62ccdac8d0ab
가을,울산옹기축제,울산광역시 울주군 온양읍 외고산길 23,https://support.visitkorea.or.kr/img/call?cmd=VIEW&id=ca95df9e-8399-4602-8560-2235d34609f8
가을,궁중문화축전,서울특별시 종로구 사직로 161,https://support.visitkorea.or.kr/img/call?cmd=VIEW&id=33c0871b-f92d-412a-b4bc-447e27077976
가을,무섬외나무다리축제,경상북도 영주시 문수면 무섬로 234번길 41,https://support.visitkorea.or.kr/img/call?cmd=VIEW&id=e5f8e3e4-ae56-4f59-b76a-eadaca9cac35
가을,금산 인삼축제,충청남도 금산군 금산읍 인삼광장로 30,https://support.visitkorea.or.kr/img/call?cmd=VIEW&id=e7a89294-aa3d-4c31-b034-2c690b40d49e
가을,김해 문화재야행,경상남도 김해시 가락로 93번길 26,https://support.visitkorea.or.kr/img/call?cmd=VIEW&id=0853fc4b-db54-49a8-a0eb-8d4ff2a1937b
가을,서산해미읍성축제,충청남도 서산시 해미면 남문2로 143,https://support.visitkorea.or.kr/img/call?cmd=VIEW&id=6f63426a-c919-4b6d-91ee-112a2b87a95a
가을,연천 구석기축제,경기도 연천군 전곡읍 양연로 1510,https://support.visitkorea.or.kr/img/call?cmd=VIEW&id=df736025-7be5-4458-8f9b-9d417c99652d
가을,군산시간여행축제,전라북도 군산시 중앙로 178,https://support.visitkorea.or.kr/img/call?cmd=VIEW&id=5306e0e7-947a-4686-b44c-3906db860641
가을,완주와일드푸드축제,전라북도 완주군 고산면 고산휴양림로 246,https://support.visitkorea.or.kr/img/call?cmd=VIEW&id=72069e07-8ac9-46a4-b1e4-abb63dc60ce6
가을,목포항구축제,전라남도 목포시 삼학로 92번길 68,https://support.visitkorea.or.kr/img/call?cmd=VIEW&id=b752bab9-09bb-4de7-85cc-5abebeafc95c
가을,봉화송이축제,경상북도 봉화군 봉화읍 봉화로 1111,https://support.visitkorea.or.kr/img/call?cmd=VIEW&id=cc7f68ce-97d6-4b3f-a8a1-cfbe480f03d4
가을,진안 홍삼축제,전라북도 진안군 진안읍 마이산로 160,https://support.visitkorea.or.kr/img/call?cmd=VIEW&id=4f8c455d-c14f-4016-bd2f-59d35967c640
가을,임실N치즈축제,전라북도 임실군 성수면 도인2길 50,https://support.visitkorea.or.kr/img/call?cmd=VIEW&id=21f35bd0-cdbf-41e4-853d-603d9c85ba80&mode=custom&height=518
가을,진주 남강유등축제,경상남도 진주시 남강로 626,https://support.visitkorea.or.kr/img/call?cmd=VIEW&id=24fa9664-5f50-416e-9ecb-b237f553b00b
겨울,러브인 프로방스 빛축제,경기도 파주시 탄현면 새오리로 77,https://support.visitkorea.or.kr/img/call?cmd=VIEW&id=b8694e6c-27e4-40ee-ae5e-936cc8455dc7
겨울,포항구룡포 과메기 축제,경상북도 포항시 남구 구룡포읍 아라광장 일원,https://support.visitkorea.or.kr/img/call?cmd=VIEW&id=42c65a83-89c4-4a1e-a11f-3c2ffa50ae14
겨울,휴애리 동백축제,제주특별자치도 서귀포시 남원읍 신례동로 256,https://support.visitkorea.or.kr/img/call?cmd=VIEW&id=a38b880f-3ab0-488d-9fdc-c3a7f707cabd
겨울,해운대 빛축제,"부산광역시 해운대구 해운대해수욕장,해운대광장 일원",https://support.visitkorea.or.kr/img/call?cmd=VIEW&id=0b626c0f-bb5c-4995-8e57-fd55654a5edf
겨울,부산크리스마스트리문화축제,부산광역시 중구 광복로 58-2,https://support.visitkorea.or.kr/img/call?cmd=VIEW&id=54c6f626-4118-4ae8-b41d-563e4101d8eb
겨울,이월드 별빛축제,대구광역시 달서구 두류공원로 200,https://support.visitkorea.or.kr/img/call?cmd=VIEW&id=148f288d-519c-4120-8a97-2fe6829e2ac1
겨울,롯데월드 make a miracle winter,서울특별시 송파구 올림픽로 240,https://support.visitkorea.or.kr/img/call?cmd=VIEW&id=5d5213bd-1fe4-40bc-b7af-a0e90e73a059
겨울,보성차밭빛축제,전라남도 보성군 보성읍 녹차로 775,https://support.visitkorea.or.kr/img/call?cmd=VIEW&id=43535686-e953-4eb8-926c-ed8dcd80fd61
겨울,쁘띠프랑스 어린왕자 별빛축제,경기도 가평군 청평면 호반로 1063,https://support.visitkorea.or.kr/img/call?cmd=VIEW&id=54950a55-cffb-4840-9907-6f1aeeb98d73
겨울,물맑은양평 빙어축제,경기도 양평군 단월면 곱다니길 55-2,https://support.visitkorea.or.kr/img/call?cmd=VIEW&id=8e152f09-f06a-4c06-9b3c-21fe941e53e0
겨울,오색별빛정원전,경기도 가평군 상면 수목원로 432,https://support.visitkorea.or.kr/img/call?cmd=VIEW&id=ef4fe9a4-afa2-4bc6-97e2-cec199f22496
겨울,서울크리스마스페스티벌,서울특별시 종로구 청계천로 41,https://support.visitkorea.or.kr/img/call?cmd=VIEW&id=8b7c391a-f810-4c84-8078-6c6ce3d46114
겨울,양촌곶감축제,충청남도 논산시 양촌면 이메길 25,https://support.visitkorea.or.kr/img/call?cmd=VIEW&id=538f3940-eb6d-4c5c-8024-e387256c9dc4
겨울,울산대공원 빛 축제,울산광역시 남구 대공원로 94,https://support.visitkorea.or.kr/img/call?cmd=VIEW&id=2e500a45-a1ca-449d-96e3-fba09bdfc11b
겨울,강화도 송어빙어축제,인천광역시 강화군 양도면 중앙로 787번길 8-2,https://support.visitkorea.or.kr/img/call?cmd=VIEW&id=e37d9824-df95-4f6a-a704-058236b71259
겨울,남이섬 겨울축제 winter wonder nami island,강원도 춘천시 남산면 남이섬길1,https://support.visitkorea.or.kr/img/call?cmd=VIEW&id=03a5dcc8-982e-4a42-a390-baa322e76d7f
겨울,대한민국 곶감축제,경상북도 상주시 외남면 소은1길 59-12,https://support.visitkorea.or.kr/img/call?cmd=VIEW&id=e70a0c3b-6897-47cb-a95c-1d81050cd0f4
겨울,칠갑산얼음분수축제,충청남도 청양군 정산면 천장호길 175-11,https://support.visitkorea.or.kr/img/call?cmd=VIEW&id=3cf9e82c-9f00-49b1-909e-83ed22356bde
겨울,청평설빙송어빙어축제,경기도 가평군 청평면 강변로 17,https://support.visitkorea.or.kr/img/call?cmd=VIEW&id=c06faf2c-6cbc-4323-ae27-e3eac8a52d33
겨울,안성두메호수빙어축제,경기도 안성시 죽산면 두메호수로 90,https://support.visitkorea.or.kr/img/call?cmd=VIEW&id=a9fda75d-13aa-4612-9a49-35cc0ef20d63
겨울,왜목마을 해넘이 해돋이 축제,충청남도 당진시 석문면 왜목길,https://support.visitkorea.or.kr/img/call?cmd=VIEW&id=3aca5fec-95ee-4700-9f99-6f8144d6cc71
겨울,경포 해넘이 해맞이 축제,강원도 강릉시 창해로 514,https://support.visitkorea.or.kr/img/call?cmd=VIEW&id=5bd4969d-4a9e-48f2-ac99-f52b124c11ef
겨울,여수 향일암일출제,전라남도 여수시 돌산읍 향일암로 70-4,https://support.visitkorea.or.kr/img/call?cmd=VIEW&id=0852cf3a-b99c-4074-9993-f081d7a596e3
겨울,호미곶한민족해맞이축전,경상북도 포항시 남구 호미곶면 해맞이로 136,https://support.visitkorea.or.kr/img/call?cmd=VIEW&id=4e88aaa9-fbbc-4234-b048-d2c7217f5163
겨울,장승마을 빛 축제,충청남도 공주시 사곡면 유구마곡사로 1231,https://support.visitkorea.or.kr/img/call?cmd=VIEW&id=7c88fcbc-1f0e-44fd-bb1b-9106d23c9f94
겨울,딸기송어축제,경기도 양평군 단월면 곱다니길 55-2,https://support.visitkorea.or.kr/img/call?cmd=VIEW&id=c15294a8-6eaa-46a9-bd0a-9e7745ec72bb
